name,url,test_type,remote_testing,adaptive_irt
Account Manager Solution,https://www.shl.com/products/product-catalog/view/account-manager-solution/,"C, P, A, B",Yes,Yes
Administrative Professional - Short Form,https://www.shl.com/products/product-catalog/view/administrative-professional-short-form/,"A, K, P",Yes,Yes
Agency Manager Solution,https://www.shl.com/products/product-catalog/view/agency-manager-solution/,"A, B, P, S",Yes,Yes
Apprentice + 8.0 Job Focused Assessment,https://www.shl.com/products/product-catalog/view/apprentice-8-0-job-focused-assessment-4261/,"B, P",Yes,No
Apprentice 8.0 Job Focused Assessment,https://www.shl.com/products/product-catalog/view/apprentice-8-0-job-focused-assessment/,"B, P",Yes,No
Bank Administrative Assistant - Short Form,https://www.shl.com/products/product-catalog/view/bank-administrative-assistant-short-form/,"A, B, K, P",Yes,No
Bank Collections Agent - Short Form,https://www.shl.com/products/product-catalog/view/bank-collections-agent-short-form/,"A, B, P",Yes,No
Bank Operations Supervisor - Short Form,https://www.shl.com/products/product-catalog/view/bank-operations-supervisor-short-form/,"A, B, P, S",Yes,Yes
Bilingual Spanish Reservation Agent Solution,https://www.shl.com/products/product-catalog/view/bilingual-spanish-reservation-agent-solution/,"B, P, S, A",Yes,Yes
"Bookkeeping, Accounting, Auditing Clerk Short Form",https://www.shl.com/products/product-catalog/view/bookkeeping-accounting-auditing-clerk-short-form/,"P, S, K, B, A",Yes,Yes
Branch Manager - Short Form,https://www.shl.com/products/product-catalog/view/branch-manager-short-form/,"A, B, P",Yes,No
Cashier Solution,https://www.shl.com/products/product-catalog/view/cashier-solution/,"B, A, P",Yes,Yes
Adobe Experience Manager (New),https://www.shl.com/products/product-catalog/view/adobe-experience-manager-new/,K,Yes,No
Adobe Photoshop CC,https://www.shl.com/products/product-catalog/view/adobe-photoshop-cc/,K,Yes,Yes
Aeronautical Engineering (New),https://www.shl.com/products/product-catalog/view/aeronautical-engineering-new/,K,Yes,No
Aerospace Engineering (New),https://www.shl.com/products/product-catalog/view/aerospace-engineering-new/,K,Yes,No
Agile Software Development,https://www.shl.com/products/product-catalog/view/agile-software-development/,K,Yes,No
Agile Testing (New),https://www.shl.com/products/product-catalog/view/agile-testing-new/,K,Yes,No
AI Skills,https://www.shl.com/products/product-catalog/view/ai-skills/,P,Yes,No
Amazon Web Services (AWS) Development (New),https://www.shl.com/products/product-catalog/view/amazon-web-services-aws-development-new/,K,Yes,No
Android Development (New),https://www.shl.com/products/product-catalog/view/android-development-new/,K,Yes,No
Angular 6 (New),https://www.shl.com/products/product-catalog/view/angular-6-new/,K,Yes,No
AngularJS (New),https://www.shl.com/products/product-catalog/view/angularjs-new/,K,Yes,No
Apache Hadoop (New),https://www.shl.com/products/product-catalog/view/apache-hadoop-new/,K,Yes,No
Apache Hadoop Extensions (New),https://www.shl.com/products/product-catalog/view/apache-hadoop-extensions-new/,K,Yes,No
Apache HBase (New),https://www.shl.com/products/product-catalog/view/apache-hbase-new/,K,Yes,No
Apache Hive (New),https://www.shl.com/products/product-catalog/view/apache-hive-new/,K,Yes,No
Apache Kafka (New),https://www.shl.com/products/product-catalog/view/apache-kafka-new/,K,Yes,No
Apache Pig (New),https://www.shl.com/products/product-catalog/view/apache-pig-new/,K,Yes,No
Apache Spark (New),https://www.shl.com/products/product-catalog/view/apache-spark-new/,K,Yes,No
ASP .NET with C# (New),https://www.shl.com/products/product-catalog/view/asp-net-with-c-new/,K,Yes,No
ASP.NET 4.5,https://www.shl.com/products/product-catalog/view/asp-net-4-5/,K,Yes,Yes
Assessment and Development Center Exercises,https://www.shl.com/products/product-catalog/view/assessment-and-development-center-exercises/,E,Yes,No
Automata - Fix (New),https://www.shl.com/products/product-catalog/view/automata-fix-new/,S,Yes,No
Automata - SQL (New),https://www.shl.com/products/product-catalog/view/automata-sql-new/,S,Yes,No
Automata (New),https://www.shl.com/products/product-catalog/view/automata-new/,S,Yes,No
Automata Data Science (New),https://www.shl.com/products/product-catalog/view/automata-data-science-new/,S,Yes,No
Automata Data Science Pro (New),https://www.shl.com/products/product-catalog/view/automata-data-science-pro-new/,S,Yes,No
Automata Front End,https://www.shl.com/products/product-catalog/view/automata-front-end/,S,Yes,No
Automata Pro (New),https://www.shl.com/products/product-catalog/view/automata-pro-new/,S,Yes,No
Automata Selenium,https://www.shl.com/products/product-catalog/view/automata-selenium/,S,Yes,No
Automation Anywhere RPA Development (New),https://www.shl.com/products/product-catalog/view/automation-anywhere-rpa-development-new/,K,Yes,No
Automotive Engineering (New),https://www.shl.com/products/product-catalog/view/automotive-engineering-new/,K,Yes,No
Basic Biology (New),https://www.shl.com/products/product-catalog/view/basic-biology-new/,K,Yes,No
Basic Computer Literacy (Windows 10) (New),https://www.shl.com/products/product-catalog/view/basic-computer-literacy-windows-10-new/,"S, K",Yes,No
Basic Statistics (New),https://www.shl.com/products/product-catalog/view/basic-statistics-new/,K,Yes,No
Biochemistry (New),https://www.shl.com/products/product-catalog/view/biochemistry-new/,K,Yes,No
Biotech Lab Techniques (New),https://www.shl.com/products/product-catalog/view/biotech-lab-techniques-new/,K,Yes,No
BizTalk (New),https://www.shl.com/products/product-catalog/view/biztalk-new/,K,Yes,No
Business Communication (adaptive),https://www.shl.com/products/product-catalog/view/business-communication-adaptive/,K,Yes,Yes
Business Communications,https://www.shl.com/products/product-catalog/view/business-communications/,K,Yes,No
C Programming (New),https://www.shl.com/products/product-catalog/view/c-programming-new/,K,Yes,No
C# Programming (New),https://www.shl.com/products/product-catalog/view/c-programming-new-4039/,K,Yes,No
C++ Programming (New),https://www.shl.com/products/product-catalog/view/c-programming-new-4122/,K,Yes,No
Cardiology and Diabetes Management (New),https://www.shl.com/products/product-catalog/view/cardiology-and-diabetes-management-new/,K,Yes,No
Ceramic Engineering (New),https://www.shl.com/products/product-catalog/view/ceramic-engineering-new/,K,Yes,No
Chemical Engineering (New),https://www.shl.com/products/product-catalog/view/chemical-engineering-new/,K,Yes,No
Cisco AppDynamics (New),https://www.shl.com/products/product-catalog/view/cisco-appdynamics-new/,K,Yes,No
Civil Engineering (New),https://www.shl.com/products/product-catalog/view/civil-engineering-new/,K,Yes,No
Cloud Computing (New),https://www.shl.com/products/product-catalog/view/cloud-computing-new/,K,Yes,No
COBOL Programming (New),https://www.shl.com/products/product-catalog/view/cobol-programming-new/,K,Yes,No
Computer Science (New),https://www.shl.com/products/product-catalog/view/computer-science-new/,K,Yes,No
Contact Center Call Simulation (New),https://www.shl.com/products/product-catalog/view/contact-center-call-simulation-new/,S,Yes,No
Conversational Multichat Simulation,https://www.shl.com/products/product-catalog/view/conversational-multichat-simulation/,S,Yes,No
Core Java (Advanced Level) (New),https://www.shl.com/products/product-catalog/view/core-java-advanced-level-new/,K,Yes,No
Core Java (Entry Level) (New),https://www.shl.com/products/product-catalog/view/core-java-entry-level-new/,K,Yes,No
Count Out The Money,https://www.shl.com/products/product-catalog/view/count-out-the-money/,"K, S",Yes,Yes
CSS3 (New),https://www.shl.com/products/product-catalog/view/css3-new/,K,Yes,No
Culinary Skills (New),https://www.shl.com/products/product-catalog/view/culinary-skills-new/,K,Yes,No
Customer Service Phone Simulation,https://www.shl.com/products/product-catalog/view/customer-service-phone-simulation/,"B, S",Yes,No
Customer Service Phone Solution,https://www.shl.com/products/product-catalog/view/customer-service-phone-solution/,"B, P, S",Yes,No
Cyber Risk (New),https://www.shl.com/products/product-catalog/view/cyber-risk-new/,K,Yes,No
Data Entry (New),https://www.shl.com/products/product-catalog/view/data-entry-new/,S,Yes,No
Data Entry Alphanumeric Split Screen - US,https://www.shl.com/products/product-catalog/view/data-entry-alphanumeric-split-screen-us/,K,Yes,No
Data Entry Numeric Split Screen - US,https://www.shl.com/products/product-catalog/view/data-entry-numeric-split-screen-us/,K,Yes,No
Data Entry Ten Key Split Screen,https://www.shl.com/products/product-catalog/view/data-entry-ten-key-split-screen/,K,Yes,No
Data Science (New),https://www.shl.com/products/product-catalog/view/data-science-new/,K,Yes,No
Data Warehousing Concepts,https://www.shl.com/products/product-catalog/view/data-warehousing-concepts/,K,Yes,Yes
Dependability and Safety Instrument (DSI),https://www.shl.com/products/product-catalog/view/dependability-and-safety-instrument-dsi/,P,Yes,No
Dermatology (New),https://www.shl.com/products/product-catalog/view/dermatology-new/,K,Yes,No
Desktop Support (New),https://www.shl.com/products/product-catalog/view/desktop-support-new/,K,Yes,No
Digital Advertising (New),https://www.shl.com/products/product-catalog/view/digital-advertising-new/,K,Yes,No
Digital Readiness Development Report - IC,https://www.shl.com/products/product-catalog/view/digital-readiness-development-report/,P,Yes,No
Digital Readiness Development Report - Manager,https://www.shl.com/products/product-catalog/view/digital-readiness-development-report-manager/,P,Yes,No
Docker (New),https://www.shl.com/products/product-catalog/view/docker-new/,K,Yes,No
Dojo (New),https://www.shl.com/products/product-catalog/view/dojo-new/,K,Yes,No
Drupal (New),https://www.shl.com/products/product-catalog/view/drupal-new/,K,Yes,No
DSI v1.1 Interpretation Report,https://www.shl.com/products/product-catalog/view/dsi-v1-1-interpretation-report/,P,Yes,No
Econometrics (New),https://www.shl.com/products/product-catalog/view/econometrics-new/,K,Yes,No
Economics (New),https://www.shl.com/products/product-catalog/view/economics-new/,K,Yes,No
Electrical and Electronics Engineering (New),https://www.shl.com/products/product-catalog/view/electrical-and-electronics-engineering-new/,K,Yes,No
Electrical Engineering (New),https://www.shl.com/products/product-catalog/view/electrical-engineering-new/,K,Yes,No
Electronics & Telecommunications Engineering (New),https://www.shl.com/products/product-catalog/view/electronics-and-telecommunications-engineering-new/,K,Yes,No
Electronics and Embedded Systems Engineering (New),https://www.shl.com/products/product-catalog/view/electronics-and-embedded-systems-engineering-new/,K,Yes,No
Electronics and Semiconductor Engineering (New),https://www.shl.com/products/product-catalog/view/electronics-and-semiconductor-engineering-new/,K,Yes,No
English Comprehension (New),https://www.shl.com/products/product-catalog/view/english-comprehension-new/,K,Yes,No
Enterprise Java Beans (New),https://www.shl.com/products/product-catalog/view/enterprise-java-beans-new/,K,Yes,No
Enterprise Leadership Report 1.0,https://www.shl.com/products/product-catalog/view/enterprise-leadership-report/,P,Yes,No
Enterprise Leadership Report 2.0,https://www.shl.com/products/product-catalog/view/enterprise-leadership-report-2-0/,P,Yes,No
Entry Level Cashier Solution,https://www.shl.com/products/product-catalog/view/entry-level-cashier-solution/,"C, P",Yes,No
Entry Level Customer Serv-Retail & Contact Center,https://www.shl.com/products/product-catalog/view/entry-level-customer-serv-retail-and-contact-center/,"P, C",Yes,No
Entry Level Customer Service (General) Solution,https://www.shl.com/products/product-catalog/view/entry-level-customer-service-general-solution/,"C, P",Yes,No
Entry Level Hotel Front Desk Solution,https://www.shl.com/products/product-catalog/view/entry-level-hotel-front-desk-solution/,"C, P",Yes,No
Entry Level Sales Solution,https://www.shl.com/products/product-catalog/view/entry-level-sales-solution/,"C, P",Yes,No
Entry Level Technical Support Solution,https://www.shl.com/products/product-catalog/view/entry-level-technical-support-solution/,"P, C",Yes,No
ETL Testing (New),https://www.shl.com/products/product-catalog/view/etl-testing-new/,K,Yes,No
Executive Scenarios,https://www.shl.com/products/product-catalog/view/executive-scenarios/,B,Yes,No
Executive Scenarios Narrative Report,https://www.shl.com/products/product-catalog/view/executive-scenarios-narrative-report/,B,Yes,No
Executive Scenarios Profile Report,https://www.shl.com/products/product-catalog/view/executive-scenarios-profile-report/,B,Yes,No
ExpressJS (New),https://www.shl.com/products/product-catalog/view/expressjs-new/,K,Yes,No
Filing - Names (R1),https://www.shl.com/products/product-catalog/view/filing-names-r1/,K,Yes,No
Filing - Numbers,https://www.shl.com/products/product-catalog/view/filing-numbers/,K,Yes,No
Financial Accounting (New),https://www.shl.com/products/product-catalog/view/financial-accounting-new/,K,Yes,No
Financial and Banking Services (New),https://www.shl.com/products/product-catalog/view/financial-and-banking-services-new/,K,Yes,No
Fire Engineering (New),https://www.shl.com/products/product-catalog/view/fire-engineering-new/,K,Yes,No
Following Instructions v1 - UK (R1),https://www.shl.com/products/product-catalog/view/following-instructions-v1-uk-r1/,K,Yes,No
Following Instructions v1 - US (R2),https://www.shl.com/products/product-catalog/view/following-instructions-v1-us-r2/,K,Yes,No
Food and Beverage Services (New),https://www.shl.com/products/product-catalog/view/food-and-beverage-services-new/,K,Yes,No
Food Science (New),https://www.shl.com/products/product-catalog/view/food-science-new/,K,Yes,No
Front Office Management (New),https://www.shl.com/products/product-catalog/view/front-office-management-new/,K,Yes,No
Fundamentals of Chemistry (New),https://www.shl.com/products/product-catalog/view/fundamentals-of-chemistry-new/,K,Yes,No
Fundamentals of Physics (New),https://www.shl.com/products/product-catalog/view/fundamentals-of-physics-new/,K,Yes,No
General Diseases (New),https://www.shl.com/products/product-catalog/view/general-diseases-new/,K,Yes,No
Geoinformatics Engineering (New),https://www.shl.com/products/product-catalog/view/geoinformatics-engineering-new/,K,Yes,No
Geoscience Engineering (New),https://www.shl.com/products/product-catalog/view/geoscience-engineering-new/,K,Yes,No
GIT (New),https://www.shl.com/products/product-catalog/view/git-new/,K,Yes,No
Global Skills Assessment,https://www.shl.com/products/product-catalog/view/global-skills-assessment/,"C, K",Yes,No
Graduate Scenarios,https://www.shl.com/products/product-catalog/view/graduate-scenarios/,B,Yes,No
Graduate Scenarios Narrative Report,https://www.shl.com/products/product-catalog/view/graduate-scenarios-narrative-report/,B,Yes,No
Graduate Scenarios Profile Report,https://www.shl.com/products/product-catalog/view/graduate-scenarios-profile-report/,B,Yes,No
Hibernate (New),https://www.shl.com/products/product-catalog/view/hibernate-new/,K,Yes,No
HIPAA (Security),https://www.shl.com/products/product-catalog/view/hipaa-security/,K,Yes,Yes
HiPo Assessment Report 1.0,https://www.shl.com/products/product-catalog/view/hipo-assessment-report-1-0/,"C, P",Yes,No
HiPo Assessment Report 2.0,https://www.shl.com/products/product-catalog/view/hipo-assessment-report-2-0/,"C, P",Yes,No
HiPo Unlocking Potential Report 2.0,https://www.shl.com/products/product-catalog/view/hipo-unlocking-potential-report-2-0/,C,Yes,No
Housekeeping (New),https://www.shl.com/products/product-catalog/view/housekeeping-new/,K,Yes,No
HTML/CSS (New),https://www.shl.com/products/product-catalog/view/htmlcss-new/,K,Yes,No
HTML5 (New),https://www.shl.com/products/product-catalog/view/html5-new/,K,Yes,No
Human Resources (New),https://www.shl.com/products/product-catalog/view/human-resources-new/,K,Yes,No
IBM DataStage (New),https://www.shl.com/products/product-catalog/view/ibm-datastage-new/,K,Yes,No
IBM Sterling Order Management System (New),https://www.shl.com/products/product-catalog/view/ibm-sterling-order-management-system-new/,K,Yes,No
Industrial Engineering (New),https://www.shl.com/products/product-catalog/view/industrial-engineering-new/,K,Yes,No
Informatica (Architecture) (New),https://www.shl.com/products/product-catalog/view/informatica-architecture-new/,K,Yes,No
Informatica (Developer) (New),https://www.shl.com/products/product-catalog/view/informatica-developer-new/,K,Yes,No
Instrumentation Engineering (New),https://www.shl.com/products/product-catalog/view/instrumentation-engineering-new/,K,Yes,No
Interpersonal Communications,https://www.shl.com/products/product-catalog/view/interpersonal-communications/,K,Yes,Yes
Interviewing and Hiring Concepts (U.S.),https://www.shl.com/products/product-catalog/view/interviewing-and-hiring-concepts-u-s/,K,Yes,Yes
iOS Development (New),https://www.shl.com/products/product-catalog/view/ios-development-new/,K,Yes,No
ITIL (IT Infrastructure Library) (New),https://www.shl.com/products/product-catalog/view/itil-it-infrastructure-library-new/,K,Yes,No
Java 2 Platform Enterprise Edition 1.4 Fundamental,https://www.shl.com/products/product-catalog/view/java-2-platform-enterprise-edition-1-4-fundamental/,K,Yes,Yes
Java 8 (New),https://www.shl.com/products/product-catalog/view/java-8-new/,K,Yes,No
Java Design Patterns (New),https://www.shl.com/products/product-catalog/view/java-design-patterns-new/,K,Yes,No
Java Frameworks (New),https://www.shl.com/products/product-catalog/view/java-frameworks-new/,K,Yes,No
Java Platform Enterprise Edition 7 (Java EE 7),https://www.shl.com/products/product-catalog/view/java-platform-enterprise-edition-7-java-ee-7/,K,Yes,Yes
Java Web Services (New),https://www.shl.com/products/product-catalog/view/java-web-services-new/,K,Yes,No
JavaScript (New),https://www.shl.com/products/product-catalog/view/javascript-new/,K,Yes,No
Jenkins (New),https://www.shl.com/products/product-catalog/view/jenkins-new/,K,Yes,No
Job Control Language (New),https://www.shl.com/products/product-catalog/view/job-control-language-new/,K,Yes,No
jQuery (New),https://www.shl.com/products/product-catalog/view/jquery-new/,K,Yes,No
Kubernetes (New),https://www.shl.com/products/product-catalog/view/kubernetes-new/,K,Yes,No
Linux Administration (New),https://www.shl.com/products/product-catalog/view/linux-administration-new/,K,Yes,No
Linux Operating System,https://www.shl.com/products/product-catalog/view/linux-operating-system/,K,Yes,No
Linux Programming (General),https://www.shl.com/products/product-catalog/view/linux-programming-general/,K,Yes,Yes
Load Runner (New),https://www.shl.com/products/product-catalog/view/load-runner-new/,K,Yes,No
Management Scenarios,https://www.shl.com/products/product-catalog/view/management-scenarios/,B,Yes,No
Managerial Scenarios Candidate Report,https://www.shl.com/products/product-catalog/view/managerial-scenarios-candidate-report/,B,Yes,No
Managerial Scenarios Narrative Report,https://www.shl.com/products/product-catalog/view/managerial-scenarios-narrative-report/,B,Yes,No
Managerial Scenarios Profile Report,https://www.shl.com/products/product-catalog/view/managerial-scenarios-profile-report/,B,Yes,No
Manual Testing (New),https://www.shl.com/products/product-catalog/view/manual-testing-new/,K,Yes,No
Manufac. & Indust. - Mechanical & Vigilance 8.0,https://www.shl.com/products/product-catalog/view/mechanical-and-vigilance-focus-8-0/,"A, P",Yes,No
Manufac. & Indust. - Safety & Dependability 8.0,https://www.shl.com/products/product-catalog/view/safety-and-dependability-focus-8-0/,P,Yes,No
Manufacturing & Industrial - Essential Focus 8.0,https://www.shl.com/products/product-catalog/view/essential-focus-8-0/,P,Yes,No
Manufacturing & Industrial - Mechanical Focus 8.0,https://www.shl.com/products/product-catalog/view/mechanical-focus-8-0/,"A, P",Yes,No
Manufacturing & Industrial - Vigilance Focus 8.0,https://www.shl.com/products/product-catalog/view/vigilance-focus-8-0/,"A, P",Yes,No
Marketing (New),https://www.shl.com/products/product-catalog/view/marketing-new/,K,Yes,No
Maven (New),https://www.shl.com/products/product-catalog/view/maven-new/,K,Yes,No
Mechanical Engineering (New),https://www.shl.com/products/product-catalog/view/mechanical-engineering-new/,K,Yes,No
Mechatronics Engineering (New),https://www.shl.com/products/product-catalog/view/mechatronics-engineering-new/,K,Yes,No
Medical Terminology (New),https://www.shl.com/products/product-catalog/view/medical-terminology-new/,K,Yes,No
Metallurgical Engineering (New),https://www.shl.com/products/product-catalog/view/metallurgical-engineering-new/,K,Yes,No
MFS 360 Enterprise Leadership Report,https://www.shl.com/products/product-catalog/view/mfs-360-enterprise-leadership-report/,D,Yes,No
MFS 360 UCF Group Report,https://www.shl.com/products/product-catalog/view/mfs-360-ucf-group-report/,D,Yes,No
MFS 360 UCF Performance Potential Dev Tips Report,https://www.shl.com/products/product-catalog/view/mfs-360-ucf-performance-potential-dev-tips-report/,D,Yes,No
MFS 360 UCF Standard Report,https://www.shl.com/products/product-catalog/view/mfs-360-ucf-standard-report/,D,Yes,No
Micro Focus Unified Functional Testing (New),https://www.shl.com/products/product-catalog/view/micro-focus-unified-functional-testing-new/,K,Yes,No
Microservices (New),https://www.shl.com/products/product-catalog/view/microservices-new/,K,Yes,No
Microsoft Dynamics Development (New),https://www.shl.com/products/product-catalog/view/microsoft-dynamics-development-new/,K,Yes,No
Microsoft Excel 365 - Essentials (New),https://www.shl.com/products/product-catalog/view/microsoft-excel-365-essentials-new/,"K, S",Yes,No
Microsoft Excel 365 (New),https://www.shl.com/products/product-catalog/view/microsoft-excel-365-new/,"K, S",Yes,No
Microsoft Outlook 2013 (adaptive),https://www.shl.com/products/product-catalog/view/microsoft-outlook-2013-adaptive/,K,Yes,Yes
Microsoft PowerPoint 365 - Essentials (New),https://www.shl.com/products/product-catalog/view/microsoft-powerpoint-365-essentials-new/,"K, S",Yes,No
Microsoft SQL Server 2014 Programming,https://www.shl.com/products/product-catalog/view/microsoft-sql-server-2014-programming/,K,Yes,Yes
Microsoft Windows Server 2012 Administration,https://www.shl.com/products/product-catalog/view/microsoft-windows-server-2012-administration/,K,Yes,Yes
Microsoft Word 365 - Essentials (New),https://www.shl.com/products/product-catalog/view/microsoft-word-365-essentials-new/,"K, S",Yes,No
Microsoft Word 365 (New),https://www.shl.com/products/product-catalog/view/microsoft-word-365-new/,"S, K",Yes,No
Mineral Engineering (New),https://www.shl.com/products/product-catalog/view/mineral-engineering-new/,K,Yes,No
Mining Engineering (New),https://www.shl.com/products/product-catalog/view/mining-engineering-new/,K,Yes,No
Mobility (New),https://www.shl.com/products/product-catalog/view/mobility-new/,K,Yes,No
Molecular Biology (New),https://www.shl.com/products/product-catalog/view/molecular-biology-new/,K,Yes,No
MongoDB (New),https://www.shl.com/products/product-catalog/view/mongodb-new/,K,Yes,No
Motivation Questionnaire MQM5,https://www.shl.com/products/product-catalog/view/motivation-questionnaire-mqm5/,P,Yes,No
MQ Candidate Motivation Report,https://www.shl.com/products/product-catalog/view/mq-candidate-motivation-report/,P,Yes,No
MQ Employee Motivation Report,https://www.shl.com/products/product-catalog/view/mq-employee-motivation-report/,P,Yes,No
MQ Motivation Report Pack,https://www.shl.com/products/product-catalog/view/mq-motivation-report-pack/,P,Yes,No
MQ Profile,https://www.shl.com/products/product-catalog/view/mq-profile/,P,Yes,No
MS Access (New),https://www.shl.com/products/product-catalog/view/ms-access-new/,K,Yes,No
MS Excel (New),https://www.shl.com/products/product-catalog/view/ms-excel-new/,K,Yes,No
MS Office Basic Computer Literacy (New),https://www.shl.com/products/product-catalog/view/ms-office-basic-computer-literacy-new/,K,Yes,No
MS Office Basic Computer Literacy (Sim) (New),https://www.shl.com/products/product-catalog/view/ms-office-basic-computer-literacy-sim-new/,S,Yes,No
MS PowerPoint (New),https://www.shl.com/products/product-catalog/view/ms-powerpoint-new/,K,Yes,No
MS Word (New),https://www.shl.com/products/product-catalog/view/ms-word-new/,K,Yes,No
MuleSoft Development (New),https://www.shl.com/products/product-catalog/view/mulesoft-development-new/,K,Yes,No
Multitasking Ability,https://www.shl.com/products/product-catalog/view/multitasking-ability/,"A, K, S",Yes,No
Networking and Implementation (New),https://www.shl.com/products/product-catalog/view/networking-and-implementation-new/,K,Yes,No
Node.js (New),https://www.shl.com/products/product-catalog/view/node-js-new/,K,Yes,No
Nursing (New),https://www.shl.com/products/product-catalog/view/nursing-new/,K,Yes,No
Occupational Personality Questionnaire OPQ32r,https://www.shl.com/products/product-catalog/view/occupational-personality-questionnaire-opq32r/,P,Yes,No
Operations Management (New),https://www.shl.com/products/product-catalog/view/operations-management-new/,K,Yes,No
OPQ Candidate Plus Report,https://www.shl.com/products/product-catalog/view/opq-candidate-plus-report/,P,Yes,No
OPQ Candidate Report 2.0,https://www.shl.com/products/product-catalog/view/opq-candidate-report-2-0/,P,Yes,No
OPQ Emotional Intelligence Report,https://www.shl.com/products/product-catalog/view/opq-emotional-intelligence-report/,P,Yes,No
OPQ Leadership Report,https://www.shl.com/products/product-catalog/view/opq-leadership-report/,P,Yes,No
OPQ Manager Plus Report,https://www.shl.com/products/product-catalog/view/opq-manager-plus-report/,P,Yes,No
OPQ Manager Plus Report 2.0,https://www.shl.com/products/product-catalog/view/opq-manager-plus-report-2-0/,P,Yes,No
OPQ Maximising your Learning Report,https://www.shl.com/products/product-catalog/view/opq-maximising-your-learning-report/,P,Yes,No
OPQ MQ Sales Report,https://www.shl.com/products/product-catalog/view/opq-mq-sales-report/,P,Yes,No
OPQ Premium Plus Report,https://www.shl.com/products/product-catalog/view/opq-premium-plus-report/,P,Yes,No
OPQ Premium Plus Report 2.0,https://www.shl.com/products/product-catalog/view/opq-premium-plus-report-2-0/,P,Yes,No
OPQ Profile Report,https://www.shl.com/products/product-catalog/view/opq-profile-report/,P,Yes,No
OPQ Team Impact Group Development Report,https://www.shl.com/products/product-catalog/view/opq-team-impact-group-development-report/,P,Yes,No
OPQ Team Impact Individual Development Report,https://www.shl.com/products/product-catalog/view/opq-team-impact-individual-development-report/,P,Yes,No
OPQ Team Impact Selection Report,https://www.shl.com/products/product-catalog/view/opq-team-impact-selection-report/,P,Yes,No
OPQ Team Types & Leadership Styles Profile,https://www.shl.com/products/product-catalog/view/opq-team-types-and-leadership-styles-profile/,P,Yes,No
OPQ Team Types and Leadership Styles Report,https://www.shl.com/products/product-catalog/view/opq-team-types-and-leadership-styles-report/,P,Yes,No
OPQ UCF Development Action Planner Report 1.0,https://www.shl.com/products/product-catalog/view/opq-ucf-development-action-planner-report/,P,Yes,No
OPQ UCF Development Action Planner Report 2.0,https://www.shl.com/products/product-catalog/view/opq-ucf-development-action-planner-report-2-0/,P,Yes,No
OPQ Universal Competency Report 1.0,https://www.shl.com/products/product-catalog/view/opq-universal-competency-report/,P,Yes,No
OPQ Universal Competency Report 2.0,https://www.shl.com/products/product-catalog/view/opq-universal-competency-report-2-0/,P,Yes,No
OPQ User and Managers Report,https://www.shl.com/products/product-catalog/view/opq-user-and-managers-report/,P,Yes,No
OPQ User Report,https://www.shl.com/products/product-catalog/view/opq-user-report/,"P, S",Yes,No
Oracle DBA (Advanced Level) (New),https://www.shl.com/products/product-catalog/view/oracle-dba-advanced-level-new/,K,Yes,No
Oracle DBA (Entry Level) (New),https://www.shl.com/products/product-catalog/view/oracle-dba-entry-level-new/,K,Yes,No
Oracle PL/SQL (New),https://www.shl.com/products/product-catalog/view/oracle-plsql-new/,K,Yes,No
Oracle WebLogic Server (New),https://www.shl.com/products/product-catalog/view/oracle-weblogic-server-new/,K,Yes,No
Organic Chemistry (New),https://www.shl.com/products/product-catalog/view/organic-chemistry-new/,K,Yes,No
Paint Technology (New),https://www.shl.com/products/product-catalog/view/paint-technology-new/,K,Yes,No
Pediatrics (New),https://www.shl.com/products/product-catalog/view/pediatrics-new/,K,Yes,No
Pega Development (New),https://www.shl.com/products/product-catalog/view/pega-development-new/,K,Yes,No
Perl (New),https://www.shl.com/products/product-catalog/view/perl-new/,K,Yes,No
Petrochemical Engineering (New),https://www.shl.com/products/product-catalog/view/petrochemical-engineering-new/,K,Yes,No
Petroleum Engineering (New),https://www.shl.com/products/product-catalog/view/petroleum-engineering-new/,K,Yes,No
Pharmaceutical Analysis (New),https://www.shl.com/products/product-catalog/view/pharmaceutical-analysis-new/,K,Yes,No
Pharmaceutical Chemistry (New),https://www.shl.com/products/product-catalog/view/pharmaceutical-chemistry-new/,K,Yes,No
Pharmaceutical Science (New),https://www.shl.com/products/product-catalog/view/pharmaceutical-science-new/,K,Yes,No
Pharmaceutics (New),https://www.shl.com/products/product-catalog/view/pharmaceutics-new/,K,Yes,No
Pharmacology (New),https://www.shl.com/products/product-catalog/view/pharmacology-new/,K,Yes,No
PHP (New),https://www.shl.com/products/product-catalog/view/php-new/,K,Yes,No
PJM Development Report,https://www.shl.com/products/product-catalog/view/pjm-development-report/,"C, A, P",Yes,No
PJM Selection Report,https://www.shl.com/products/product-catalog/view/pjm-selection-report/,"A, C, P",Yes,No
Polymer Engineering (New),https://www.shl.com/products/product-catalog/view/polymer-engineering-new/,K,Yes,No
Power Electronics and Drives (New),https://www.shl.com/products/product-catalog/view/power-electronics-and-drives-new/,K,Yes,No
Power System Engineering (New),https://www.shl.com/products/product-catalog/view/power-system-engineering-new/,K,Yes,No
Prism (New),https://www.shl.com/products/product-catalog/view/prism-new/,K,Yes,No
Production and Industrial Engineering (New),https://www.shl.com/products/product-catalog/view/production-and-industrial-engineering-new/,K,Yes,No
Production Engineering (New),https://www.shl.com/products/product-catalog/view/production-engineering-new/,K,Yes,No
Programming Concepts,https://www.shl.com/products/product-catalog/view/programming-concepts/,K,Yes,Yes
Project Management (2013),https://www.shl.com/products/product-catalog/view/project-management-2013/,K,Yes,Yes
Proofreading v1,https://www.shl.com/products/product-catalog/view/proofreading-v1/,K,Yes,No
Python (New),https://www.shl.com/products/product-catalog/view/python-new/,K,Yes,No
R Programming (New),https://www.shl.com/products/product-catalog/view/r-programming-new/,K,Yes,No
ReactJS (New),https://www.shl.com/products/product-catalog/view/reactjs-new/,K,Yes,No
Reading Comprehension - English v1,https://www.shl.com/products/product-catalog/view/reading-comprehension-english-v1/,A,Yes,Yes
Reading Comprehension - Spanish v1,https://www.shl.com/products/product-catalog/view/reading-comprehension-spanish-v1/,A,Yes,Yes
Reading Comprehension v2,https://www.shl.com/products/product-catalog/view/reading-comprehension-v2/,A,Yes,Yes
RemoteWorkQ,https://www.shl.com/products/product-catalog/view/remoteworkq/,C,Yes,No
RemoteWorkQ Manager Report,https://www.shl.com/products/product-catalog/view/remoteworkq-manager-report/,C,Yes,No
RemoteWorkQ Participant Report,https://www.shl.com/products/product-catalog/view/remoteworkq-participant-report/,C,Yes,No
RESTful Web Services (New),https://www.shl.com/products/product-catalog/view/restful-web-services-new/,K,Yes,No
Retail Sales and Service Simulation,https://www.shl.com/products/product-catalog/view/retail-sales-and-service-simulation/,"B, K, S, A",Yes,No
Reviewing Forms - US (R1),https://www.shl.com/products/product-catalog/view/reviewing-forms-us-r1/,K,Yes,No
Ruby (New),https://www.shl.com/products/product-catalog/view/ruby-new/,K,Yes,No
Ruby on Rails (New),https://www.shl.com/products/product-catalog/view/ruby-on-rails-new/,K,Yes,No
Sales & Service Phone Simulation,https://www.shl.com/products/product-catalog/view/sales-and-service-phone-simulation/,"S, B",Yes,No
Sales & Service Phone Solution,https://www.shl.com/products/product-catalog/view/sales-and-service-phone-solution/,"B, P, S",Yes,No
Sales Interview Guide,https://www.shl.com/products/product-catalog/view/sales-interview-guide/,"P, P",Yes,No
Sales Profiler Cards,https://www.shl.com/products/product-catalog/view/sales-profiler-cards/,P,Yes,No
Sales Transformation 1.0 - Individual Contributor,https://www.shl.com/products/product-catalog/view/sales-transformation-report-individual-contributor/,P,Yes,No
Sales Transformation 2.0 - Individual Contributor,https://www.shl.com/products/product-catalog/view/salestransformationreport2-0-individualcontributor/,P,Yes,No
Sales Transformation Report 1.0 - Sales Manager,https://www.shl.com/products/product-catalog/view/sales-transformation-report-sales-manager/,P,Yes,No
Sales Transformation Report 2.0 - Sales Manager,https://www.shl.com/products/product-catalog/view/sales-transformation-report-2-0-sales-manager/,P,Yes,No
Salesforce Development (New),https://www.shl.com/products/product-catalog/view/salesforce-development-new/,K,Yes,No
SAP ABAP (Advanced Level) (New),https://www.shl.com/products/product-catalog/view/sap-abap-advanced-level-new/,K,Yes,No
SAP ABAP (Intermediate Level) (New),https://www.shl.com/products/product-catalog/view/sap-abap-intermediate-level-new/,K,Yes,No
SAP Basis (New),https://www.shl.com/products/product-catalog/view/sap-basis-new/,K,Yes,No
SAP Business Objects WebI (New),https://www.shl.com/products/product-catalog/view/sap-business-objects-webi-new/,K,Yes,No
SAP BW (Business Warehouse) (New),https://www.shl.com/products/product-catalog/view/sap-bw-business-warehouse-new/,K,Yes,No
SAP HCM (Human Capital Management) (New),https://www.shl.com/products/product-catalog/view/sap-hcm-human-capital-management-new/,K,Yes,No
SAP Hybris (New),https://www.shl.com/products/product-catalog/view/sap-hybris-new/,K,Yes,No
SAP Materials Management (New),https://www.shl.com/products/product-catalog/view/sap-materials-management-new/,K,Yes,No
SAP SD (Sales and Distribution) (New),https://www.shl.com/products/product-catalog/view/sap-sd-sales-and-distribution-new/,K,Yes,No
Search Engine Optimization (New),https://www.shl.com/products/product-catalog/view/search-engine-optimization-new/,K,Yes,No
Selenium (New),https://www.shl.com/products/product-catalog/view/selenium-new/,K,Yes,No
Shell Scripting (New),https://www.shl.com/products/product-catalog/view/shell-scripting-new/,K,Yes,No
SHL Verify Interactive - Inductive Reasoning,https://www.shl.com/products/product-catalog/view/shl-verify-interactive-inductive-reasoning/,"A, S",Yes,Yes
SHL Verify Interactive – Deductive Reasoning,https://www.shl.com/products/product-catalog/view/shl-verify-interactive-deductive-reasoning/,"A, S",Yes,Yes
SHL Verify Interactive – Numerical Reasoning,https://www.shl.com/products/product-catalog/view/shl-verify-interactive-numerical-reasoning/,"A, S",Yes,Yes
SHL Verify Interactive G+,https://www.shl.com/products/product-catalog/view/shl-verify-interactive-g/,A,Yes,Yes
SHL Verify Interactive Numerical Calculation,https://www.shl.com/products/product-catalog/view/shl-verify-interactive-numerical-calculation/,A,Yes,Yes
Siebel Development (New),https://www.shl.com/products/product-catalog/view/siebel-development-new/,K,Yes,No
Smart Interview Live,https://www.shl.com/products/product-catalog/view/smart-interview-live/,P,Yes,No
Smart Interview Live Coding,https://www.shl.com/products/product-catalog/view/smart-interview-live-coding/,K,Yes,No
Smart Interview On Demand,https://www.shl.com/products/product-catalog/view/smart-interview-on-demand/,P,Yes,No
Social Media (New),https://www.shl.com/products/product-catalog/view/social-media-new/,K,Yes,No
Software Business Analysis,https://www.shl.com/products/product-catalog/view/software-business-analysis/,K,Yes,Yes
SonarQube (New),https://www.shl.com/products/product-catalog/view/sonarqube-new/,K,Yes,No
Spelling (U.S.) (New),https://www.shl.com/products/product-catalog/view/spelling-u-s-new/,K,Yes,No
Split Screen Typing Test - Form 1,https://www.shl.com/products/product-catalog/view/split-screen-typing-test-form-1/,"A, K",Yes,No
Spring (New),https://www.shl.com/products/product-catalog/view/spring-new/,K,Yes,No
SQL (New),https://www.shl.com/products/product-catalog/view/sql-new/,K,Yes,No
SQL Server (New),https://www.shl.com/products/product-catalog/view/sql-server-new/,K,Yes,No
SQL Server Analysis Services (SSAS) (New),https://www.shl.com/products/product-catalog/view/sql-server-analysis-services-%28ssas%29-%28new%29/,K,Yes,No
SQL Server Integration Services (SSIS) (New),https://www.shl.com/products/product-catalog/view/sql-server-integration-services-ssis-new/,K,Yes,No
SQL Server Reporting Services (SSRS) (New),https://www.shl.com/products/product-catalog/view/sql-server-reporting-services-ssrs-new/,K,Yes,No
Statistical Analysis System (New),https://www.shl.com/products/product-catalog/view/statistical-analysis-system-new/,K,Yes,No
Struts (New),https://www.shl.com/products/product-catalog/view/struts-new/,K,Yes,No
SVAR - Spoken English (AUS),https://www.shl.com/products/product-catalog/view/svar-spoken-english-aus/,S,Yes,No
SVAR - Spoken English (Indian Accent)  (New),https://www.shl.com/products/product-catalog/view/svar-spoken-english-indian-accent-new/,S,Yes,No
SVAR - Spoken English (U.K.),https://www.shl.com/products/product-catalog/view/svar-spoken-english-u-k/,S,Yes,No
SVAR - Spoken English (US)  (New),https://www.shl.com/products/product-catalog/view/svar-spoken-english-us-new/,S,Yes,No
SVAR - Spoken French (Canadian) (New),https://www.shl.com/products/product-catalog/view/svar-spoken-french-canadian-new/,S,Yes,No
SVAR - Spoken French (European) (New),https://www.shl.com/products/product-catalog/view/svar-spoken-french-european-new/,S,Yes,No
SVAR - Spoken Spanish (Castilian) (New),https://www.shl.com/products/product-catalog/view/svar-spoken-spanish-castilian-new/,S,Yes,No
SVAR - Spoken Spanish (North American) (New),https://www.shl.com/products/product-catalog/view/svar-spoken-spanish-north-american-new/,S,Yes,No
Swing (New),https://www.shl.com/products/product-catalog/view/swing-new/,K,Yes,No
Tableau (New),https://www.shl.com/products/product-catalog/view/tableau-new/,K,Yes,No
Telecommunications Engineering (New),https://www.shl.com/products/product-catalog/view/telecommunications-engineering-new/,K,Yes,No
Teradata Development (New),https://www.shl.com/products/product-catalog/view/teradata-development-new/,K,Yes,No
Time Management (U.S.),https://www.shl.com/products/product-catalog/view/time-management-u-s/,K,Yes,Yes
Training Development,https://www.shl.com/products/product-catalog/view/training-development/,K,Yes,Yes
Typing (New),https://www.shl.com/products/product-catalog/view/typing-new/,S,Yes,No
UiPath RPA Development (New),https://www.shl.com/products/product-catalog/view/uipath-rpa-development-new/,K,Yes,No
Universal Competency Framework Interview Guide,https://www.shl.com/products/product-catalog/view/universal-competency-framework-interview-guide/,"C, P",Yes,No
Universal Competency Framework Job profiling guide,https://www.shl.com/products/product-catalog/view/universal-competency-framework-job-profiling-guide/,"C, P",Yes,No
Universal Competency Framework Profiler Cards (44),https://www.shl.com/products/product-catalog/view/universal-competency-framework-profiler-cards-44/,"C, P",Yes,No
UNIX (New),https://www.shl.com/products/product-catalog/view/unix-new/,K,Yes,No
VB.NET (New),https://www.shl.com/products/product-catalog/view/vb-net-new/,K,Yes,No
Verify - Deductive Reasoning,https://www.shl.com/products/product-catalog/view/verify-deductive-reasoning/,A,Yes,Yes
Verify - Following Instructions,https://www.shl.com/products/product-catalog/view/verify-following-instructions/,A,Yes,No
Verify - G+,https://www.shl.com/products/product-catalog/view/verify-g/,A,Yes,Yes
Verify - General Ability Screen,https://www.shl.com/products/product-catalog/view/verify-general-ability-screen/,A,Yes,Yes
Verify - Inductive Reasoning (2014),https://www.shl.com/products/product-catalog/view/verify-inductive-reasoning-2014/,A,Yes,Yes
Verify - Numerical Ability,https://www.shl.com/products/product-catalog/view/verify-numerical-ability/,A,Yes,Yes
Verify - Technical Checking - Next Generation,https://www.shl.com/products/product-catalog/view/verify-technical-checking-next-generation/,A,Yes,No
Verify - Verbal Ability - Next Generation,https://www.shl.com/products/product-catalog/view/verify-verbal-ability-next-generation/,A,Yes,Yes
Verify - Working with Information,https://www.shl.com/products/product-catalog/view/verify-working-with-information/,A,Yes,No
Verify G+ - Ability Test Report,https://www.shl.com/products/product-catalog/view/verify-g-ability-test-report/,A,Yes,No
Verify G+ - Candidate Report,https://www.shl.com/products/product-catalog/view/verify-g-candidate-report/,A,Yes,No
Verify Interactive Ability Report,https://www.shl.com/products/product-catalog/view/verify-interactive-ability-report/,A,Yes,No
Verify Interactive G+ Candidate Report,https://www.shl.com/products/product-catalog/view/verify-interactive-g-candidate-report/,A,Yes,No
Verify Interactive G+ Report,https://www.shl.com/products/product-catalog/view/verify-interactive-g-report/,A,Yes,No
Verify Interactive Process Monitoring,https://www.shl.com/products/product-catalog/view/verify-interactive-process-monitoring/,A,Yes,No
Virtual Assessment and Development Centers,https://www.shl.com/products/product-catalog/view/virtual-assessment-and-development-centers/,P,Yes,No
Visual Basic for Applications (New),https://www.shl.com/products/product-catalog/view/visual-basic-for-applications-new/,K,Yes,No
Visual Comparison - UK,https://www.shl.com/products/product-catalog/view/visual-comparison-uk/,K,Yes,No
Visual Comparison - US,https://www.shl.com/products/product-catalog/view/visual-comparison-us/,K,Yes,No
VLSI and Embedded Systems (New),https://www.shl.com/products/product-catalog/view/vlsi-and-embedded-systems-new/,K,Yes,No
What Is The Value - US,https://www.shl.com/products/product-catalog/view/what-is-the-value-us/,K,Yes,Yes
Workplace Administration Skills (New),https://www.shl.com/products/product-catalog/view/workplace-administration-skills-new/,K,Yes,No
Workplace Health and Safety (New),https://www.shl.com/products/product-catalog/view/workplace-health-and-safety-new/,K,Yes,No
WriteX - Email Writing (Customer Service) (New),https://www.shl.com/products/product-catalog/view/writex-email-writing-customer-service-new/,S,Yes,No
WriteX - Email Writing (Managerial) (New),https://www.shl.com/products/product-catalog/view/writex-email-writing-managerial-new/,S,Yes,No
WriteX - Email Writing (Sales) (New),https://www.shl.com/products/product-catalog/view/writex-email-writing-sales-new/,"B, S",Yes,No
Written English v1,https://www.shl.com/products/product-catalog/view/written-english-v1/,K,Yes,Yes
Written Spanish,https://www.shl.com/products/product-catalog/view/written-spanish/,K,Yes,Yes
Zabbix (New),https://www.shl.com/products/product-catalog/view/zabbix-new/,K,Yes,No
360 Digital Report,https://www.shl.com/products/product-catalog/view/360-digital-report/,D,Yes,No
360° Multi-Rater Feedback System (MFS),https://www.shl.com/products/product-catalog/view/360-multi-rater-feedback-system-mfs/,"D, P",Yes,No
